row/column,1,2,3,4,5,6,7,8,9,10,11,12,13,14,15,16
1,#56312eff,#352b2bff,#56312eff,#5d4036ff,#873e32ff,#5d4036ff,#56312eff,#873e32ff,#5d4036ff,#5d4036ff,#5d4036ff,#56312eff,#5d4036ff,#5d4036ff,#00000000,#56312eff
2,#5d4036ff,#5d4036ff,#873e32ff,#5d4036ff,#5d4036ff,#5d4036ff,#5d4036ff,#5d4036ff,#873e32ff,#5d4036ff,#873e32ff,#5d4036ff,#5d4036ff,#5d4036ff,#5d4036ff,#5d4036ff
3,#56312eff,#5d4036ff,#5d4036ff,#56312eff,#697047ff,#5d4036ff,#5d4036ff,#5d4036ff,#5d4036ff,#5d4036ff,#5d4036ff,#697047ff,#873e32ff,#5d4036ff,#4b503bff,#5d4036ff
4,#56312eff,#5d4036ff,#873e32ff,#5d4036ff,#5d4036ff,#5d4036ff,#5d4036ff,#4b503bff,#56312eff,#5d4036ff,#5d4036ff,#5d4036ff,#5d4036ff,#5d4036ff,#5d4036ff,#5d4036ff
5,#5d4036ff,#56312eff,#5d4036ff,#4b503bff,#e8dcc0ff,#56312eff,#5d4036ff,#5d4036ff,#873e32ff,#5d4036ff,#5d4036ff,#5d4036ff,#5d4036ff,#5d4036ff,#5d4036ff,#5d4036ff
6,#5d4036ff,#5d4036ff,#873e32ff,#56312eff,#352b2bff,#bd996fff,#56312eff,#5d4036ff,#5d4036ff,#56312eff,#5d4036ff,#5d4036ff,#5d4036ff,#5d4036ff,#5d4036ff,#352b2bff
7,#56312eff,#5d4036ff,#5d4036ff,#56312eff,#5d4036ff,#56312eff,#5d4036ff,#873e32ff,#5d4036ff,#5d4036ff,#5d4036ff,#5d4036ff,#5d4036ff,#5d4036ff,#697047ff,#56312eff
8,#873e32ff,#5d4036ff,#5d4036ff,#5d4036ff,#5d4036ff,#5d4036ff,#5d4036ff,#5d4036ff,#5d4036ff,#5d4036ff,#873e32ff,#5d4036ff,#b3b98bff,#5d4036ff,#5d4036ff,#5d4036ff
9,#873e32ff,#5d4036ff,#5d4036ff,#5d4036ff,#5d4036ff,#5d4036ff,#56312eff,#4b503bff,#5d4036ff,#5d4036ff,#5d4036ff,#5d4036ff,#bd996fff,#5d4036ff,#873e32ff,#56312eff
10,#5d4036ff,#5d4036ff,#5d4036ff,#4b503bff,#873e32ff,#352b2bff,#5d4036ff,#56312eff,#873e32ff,#5d4036ff,#56312eff,#5d4036ff,#5d4036ff,#5d4036ff,#5d4036ff,#5d4036ff
11,#352b2bff,#873e32ff,#56312eff,#873e32ff,#4b503bff,#5d4036ff,#5d4036ff,#5d4036ff,#5d4036ff,#5d4036ff,#5d4036ff,#5d4036ff,#56312eff,#5d4036ff,#5d4036ff,#56312eff
12,#5d4036ff,#5d4036ff,#697047ff,#5d4036ff,#5d4036ff,#5d4036ff,#bd996fff,#56312eff,#5d4036ff,#5d4036ff,#873e32ff,#5d4036ff,#5d4036ff,#5d4036ff,#5d4036ff,#5d4036ff
13,#5d4036ff,#5d4036ff,#5d4036ff,#5d4036ff,#5d4036ff,#5d4036ff,#bd996fff,#5d4036ff,#5d4036ff,#5d4036ff,#5d4036ff,#5d4036ff,#5d4036ff,#873e32ff,#5d4036ff,#56312eff
14,#873e32ff,#5d4036ff,#5d4036ff,#56312eff,#56312eff,#56312eff,#5d4036ff,#5d4036ff,#5d4036ff,#5d4036ff,#873e32ff,#5d4036ff,#5d4036ff,#5d4036ff,#5d4036ff,#5d4036ff
15,#56312eff,#5d4036ff,#5d4036ff,#5d4036ff,#5d4036ff,#56312eff,#873e32ff,#5d4036ff,#697047ff,#5d4036ff,#5d4036ff,#4b503bff,#873e32ff,#5d4036ff,#5d4036ff,#352b2bff
16,#352b2bff,#5d4036ff,#5d4036ff,#873e32ff,#56312eff,#5d4036ff,#873e32ff,#5d4036ff,#5d4036ff,#5d4036ff,#5d4036ff,#5d4036ff,#5d4036ff,#5d4036ff,#352b2bff,#352b2bff
